epoch_id,run_id,epoch_manifest,environment_manifest,summary_json,summary_md
epoch-001,20260424T064304Z,epoch_manifests/epoch-001.json,environment_manifests/20260424T064304Z.json,run_summaries/20260424T064304Z.json,run_summaries/20260424T064304Z.md
epoch-002,20260424T064501Z,epoch_manifests/epoch-002.json,environment_manifests/20260424T064501Z.json,run_summaries/20260424T064501Z.json,run_summaries/20260424T064501Z.md
epoch-003,20260424T064658Z,epoch_manifests/epoch-003.json,environment_manifests/20260424T064658Z.json,run_summaries/20260424T064658Z.json,run_summaries/20260424T064658Z.md
epoch-004,20260424T064855Z,epoch_manifests/epoch-004.json,environment_manifests/20260424T064855Z.json,run_summaries/20260424T064855Z.json,run_summaries/20260424T064855Z.md
epoch-005,20260424T065052Z,epoch_manifests/epoch-005.json,environment_manifests/20260424T065052Z.json,run_summaries/20260424T065052Z.json,run_summaries/20260424T065052Z.md
epoch-006,20260424T065247Z,epoch_manifests/epoch-006.json,environment_manifests/20260424T065247Z.json,run_summaries/20260424T065247Z.json,run_summaries/20260424T065247Z.md
epoch-007,20260424T065442Z,epoch_manifests/epoch-007.json,environment_manifests/20260424T065442Z.json,run_summaries/20260424T065442Z.json,run_summaries/20260424T065442Z.md
epoch-008,20260424T065640Z,epoch_manifests/epoch-008.json,environment_manifests/20260424T065640Z.json,run_summaries/20260424T065640Z.json,run_summaries/20260424T065640Z.md
epoch-009,20260424T065836Z,epoch_manifests/epoch-009.json,environment_manifests/20260424T065836Z.json,run_summaries/20260424T065836Z.json,run_summaries/20260424T065836Z.md
epoch-010,20260424T070035Z,epoch_manifests/epoch-010.json,environment_manifests/20260424T070035Z.json,run_summaries/20260424T070035Z.json,run_summaries/20260424T070035Z.md
epoch-011,20260424T070234Z,epoch_manifests/epoch-011.json,environment_manifests/20260424T070234Z.json,run_summaries/20260424T070234Z.json,run_summaries/20260424T070234Z.md
epoch-012,20260424T070429Z,epoch_manifests/epoch-012.json,environment_manifests/20260424T070429Z.json,run_summaries/20260424T070429Z.json,run_summaries/20260424T070429Z.md
epoch-013,20260424T070628Z,epoch_manifests/epoch-013.json,environment_manifests/20260424T070628Z.json,run_summaries/20260424T070628Z.json,run_summaries/20260424T070628Z.md
epoch-014,20260424T070824Z,epoch_manifests/epoch-014.json,environment_manifests/20260424T070824Z.json,run_summaries/20260424T070824Z.json,run_summaries/20260424T070824Z.md
epoch-015,20260424T071021Z,epoch_manifests/epoch-015.json,environment_manifests/20260424T071021Z.json,run_summaries/20260424T071021Z.json,run_summaries/20260424T071021Z.md
epoch-016,20260424T071216Z,epoch_manifests/epoch-016.json,environment_manifests/20260424T071216Z.json,run_summaries/20260424T071216Z.json,run_summaries/20260424T071216Z.md
epoch-017,20260424T071414Z,epoch_manifests/epoch-017.json,environment_manifests/20260424T071414Z.json,run_summaries/20260424T071414Z.json,run_summaries/20260424T071414Z.md
epoch-018,20260424T071610Z,epoch_manifests/epoch-018.json,environment_manifests/20260424T071610Z.json,run_summaries/20260424T071610Z.json,run_summaries/20260424T071610Z.md
epoch-019,20260424T071807Z,epoch_manifests/epoch-019.json,environment_manifests/20260424T071807Z.json,run_summaries/20260424T071807Z.json,run_summaries/20260424T071807Z.md
epoch-020,20260424T072001Z,epoch_manifests/epoch-020.json,environment_manifests/20260424T072001Z.json,run_summaries/20260424T072001Z.json,run_summaries/20260424T072001Z.md
epoch-021,20260424T072159Z,epoch_manifests/epoch-021.json,environment_manifests/20260424T072159Z.json,run_summaries/20260424T072159Z.json,run_summaries/20260424T072159Z.md
epoch-022,20260424T072355Z,epoch_manifests/epoch-022.json,environment_manifests/20260424T072355Z.json,run_summaries/20260424T072355Z.json,run_summaries/20260424T072355Z.md
epoch-023,20260424T072551Z,epoch_manifests/epoch-023.json,environment_manifests/20260424T072551Z.json,run_summaries/20260424T072551Z.json,run_summaries/20260424T072551Z.md
epoch-024,20260424T072748Z,epoch_manifests/epoch-024.json,environment_manifests/20260424T072748Z.json,run_summaries/20260424T072748Z.json,run_summaries/20260424T072748Z.md
epoch-025,20260424T072945Z,epoch_manifests/epoch-025.json,environment_manifests/20260424T072945Z.json,run_summaries/20260424T072945Z.json,run_summaries/20260424T072945Z.md
epoch-026,20260424T073142Z,epoch_manifests/epoch-026.json,environment_manifests/20260424T073142Z.json,run_summaries/20260424T073142Z.json,run_summaries/20260424T073142Z.md
epoch-027,20260424T073339Z,epoch_manifests/epoch-027.json,environment_manifests/20260424T073339Z.json,run_summaries/20260424T073339Z.json,run_summaries/20260424T073339Z.md
epoch-028,20260424T073535Z,epoch_manifests/epoch-028.json,environment_manifests/20260424T073535Z.json,run_summaries/20260424T073535Z.json,run_summaries/20260424T073535Z.md
epoch-029,20260424T073733Z,epoch_manifests/epoch-029.json,environment_manifests/20260424T073733Z.json,run_summaries/20260424T073733Z.json,run_summaries/20260424T073733Z.md
epoch-030,20260424T073929Z,epoch_manifests/epoch-030.json,environment_manifests/20260424T073929Z.json,run_summaries/20260424T073929Z.json,run_summaries/20260424T073929Z.md
